timestamp,task_type,task_description,chatgpt_solution,chatgpt_rating_quality,chatgpt_rating_accuracy,chatgpt_rating_usefulness,chatgpt_comments,copilot_solution,copilot_rating_quality,copilot_rating_accuracy,copilot_rating_usefulness,copilot_comments,overall_preference,preference_reason
2025-09-23 19:55:15,programski,"Izracunaj mi hipotenuzu pravouglog trougla ukoliko je duzina jedne katete 4, a duzina druge katete 3","Za pravougli trougao sa katetama duÅ¾ine 3 i 4, hipotenuza 
ğ‘
c se raÄuna Pitagorinom teoremom:

ğ‘
=
ğ‘
2
+
ğ‘
2
c=
a
2
+b
2
	â€‹


Gde su 
ğ‘
=
3
a=3 i 
ğ‘
=
4
b=4.

ğ‘
=
3
2
+
4
2
=
9
+
16
=
25
=
5
c=
3
2
+4
2
	â€‹

=
9+16
	â€‹

=
25
	â€‹

=5",5,5,5,,"a=4, b=3, resenje je c=5",3,2,2,,chatgpt,afsdfsf
